destination,path
/wp-content/uploads/2011/04/9610afe8922fee8aa020-300x199.jpg,/
/wp-content/uploads/2011/04/rukova-6-300x150.jpg,/
/wp-content/uploads/2011/04/remni-1-300x90.jpg,/
/wp-content/uploads/2016/04/button_new_prod.png,/
/wp-content/themes/Helios/images/top_head.png,/
/wp-content/uploads/2011/04/lenta-1.jpg,/
/wp-content/themes/Helios/images/bot_footer.png,/
/wp-content/uploads/2011/04/asbestokarton-1-1-300x171.jpeg,/
/wp-content/uploads/2011/04/formov-16-300x107.jpg,/
/wp-content/uploads/2016/04/button_new_prod.png,/ceny-na-rti-i-ati-v-permi/
/wp-content/themes/Helios/images/top_head.png,/ceny-na-rti-i-ati-v-permi/
/wp-content/themes/Helios/images/bot_footer.png,/ceny-na-rti-i-ati-v-permi/
/wp-content/uploads/2016/04/button_new_prod.png,/dostavka-i-oplata/
/wp-content/themes/Helios/images/top_head.png,/dostavka-i-oplata/
/wp-content/themes/Helios/images/bot_footer.png,/dostavka-i-oplata/
/wp-content/uploads/2016/04/button_new_prod.png,/gosty/
/wp-content/themes/Helios/images/top_head.png,/gosty/
/wp-content/themes/Helios/images/bot_footer.png,/gosty/
/wp-content/uploads/2011/04/rukova-111-300x191.jpg,/katalog/
/wp-content/uploads/2011/04/rukova-41-300x300.jpg,/katalog/
/wp-content/uploads/2011/04/formov-15.jpg,/katalog/
/wp-content/uploads/2011/04/formov-7-300x106.jpg,/katalog/
/wp-content/uploads/2011/04/rukova-3-300x161.jpg,/katalog/
/wp-content/uploads/2011/04/9610afe8922fee8aa020-300x199.jpg,/katalog/
/wp-content/uploads/2011/04/2-rukava-vyisokogo-davleniya-300x233.jpg,/katalog/
/wp-content/uploads/2011/04/formov-3-300x96.jpg,/katalog/
/wp-content/uploads/2011/04/formov-6.jpg,/katalog/
/wp-content/uploads/2011/04/rukova-6-300x150.jpg,/katalog/
/wp-content/uploads/2012/08/image001.jpg,/katalog/
/wp-content/uploads/2011/04/formov-1-300x53.jpg,/katalog/
/wp-content/uploads/2011/04/Polotno-asbostalnoe-listyi-asbostalnyie-1-1-300x250.jpeg,/katalog/
/wp-content/uploads/2011/04/formov-10-300x146.jpg,/katalog/
/wp-content/uploads/2011/04/remni-1-300x90.jpg,/katalog/
/wp-content/uploads/2011/06/muftyi-vtulochno-paltsevyie-300x200.jpg,/katalog/
/wp-content/uploads/2011/06/kolca_vtulki1-300x147.jpg,/katalog/
/wp-content/uploads/2011/04/silikonovyie-izdeliya.jpg,/katalog/
/wp-content/uploads/2011/04/kovryi-die`lektricheskie-rezinovyie-variant-2-1-1-300x274.jpg,/katalog/
/wp-content/uploads/2011/04/rukova-16-300x159.jpg,/katalog/
/wp-content/uploads/2012/08/image004.jpg,/katalog/
/wp-content/uploads/2011/04/formov-8-300x146.jpg,/katalog/
/wp-content/uploads/2016/04/button_new_prod.png,/katalog/
/wp-content/uploads/2011/04/shnur-asbestovyiy-variant-3-1-1.png,/katalog/
/wp-content/uploads/2011/11/shop_group_image618.jpg,/katalog/
/wp-content/uploads/2011/11/shop_group_image618.jpg,/katalog/
/wp-content/uploads/2011/11/shop_group_image618.jpg,/katalog/
/wp-content/uploads/2011/11/shop_group_image618.jpg,/katalog/
/wp-content/uploads/2011/11/shop_group_image618.jpg,/katalog/
/wp-content/uploads/2011/11/shop_group_image618.jpg,/katalog/
/wp-content/uploads/2011/11/shop_group_image618.jpg,/katalog/
/wp-content/uploads/2011/11/shop_group_image618.jpg,/katalog/
/wp-content/uploads/2011/04/rukova-1-300x128.jpg,/katalog/
/wp-content/uploads/2011/04/trubki-tehnicheskie-rezinovyie-300x203.jpg,/katalog/
/wp-content/uploads/2011/04/trubki-kruglyie-i-pryamaugolnogo-secheniya-300x199.jpg,/katalog/
/wp-content/uploads/2011/04/rukova-2-300x158.jpg,/katalog/
/wp-content/uploads/2011/04/tkani-asbestovyie3-1-300x180.jpg,/katalog/
/wp-content/uploads/2011/04/formov-11-300x107.jpg,/katalog/
/wp-content/uploads/2011/04/rukova-4-300x158.jpg,/katalog/
/wp-content/uploads/2011/04/tehplastina_mbs_rulonnaya_formovaya_foto_largest.jpg,/katalog/
/wp-content/uploads/2011/04/poristaya-plastina-300x225.jpg,/katalog/
/wp-content/uploads/2012/08/Наборы-колец-1-300x212.jpg,/katalog/
/wp-content/uploads/2011/04/formov-17-300x148.jpg,/katalog/
/wp-content/uploads/2011/04/remni-52-300x89.jpg,/katalog/
/wp-content/themes/Helios/images/top_head.png,/katalog/
/wp-content/uploads/2011/04/lenta-1.jpg,/katalog/
/wp-content/themes/Helios/images/bot_footer.png,/katalog/
/wp-content/uploads/2012/08/image002.jpg,/katalog/
/wp-content/uploads/2011/04/asbestokarton-1-1-300x171.jpeg,/katalog/
/wp-content/uploads/2011/11/small_shop_group_image596.jpg,/katalog/
/wp-content/uploads/2011/11/small_shop_group_image596.jpg,/katalog/
/wp-content/uploads/2011/11/small_shop_group_image596.jpg,/katalog/
/wp-content/uploads/2011/04/formov-16-300x107.jpg,/katalog/
/wp-content/uploads/2011/04/9610afe8922fee8aa020-300x199.jpg,/katalog/asbestotexnicheskie-izdeliya/
/wp-content/uploads/2011/04/Polotno-asbostalnoe-listyi-asbostalnyie-1-1-300x250.jpeg,/katalog/asbestotexnicheskie-izdeliya/
/wp-content/uploads/2016/04/button_new_prod.png,/katalog/asbestotexnicheskie-izdeliya/
/wp-content/uploads/2011/04/shnur-asbestovyiy-variant-3-1-1.png,/katalog/asbestotexnicheskie-izdeliya/
/wp-content/uploads/2011/04/tkani-asbestovyie3-1-300x180.jpg,/katalog/asbestotexnicheskie-izdeliya/
/wp-content/themes/Helios/images/top_head.png,/katalog/asbestotexnicheskie-izdeliya/
/wp-content/themes/Helios/images/bot_footer.png,/katalog/asbestotexnicheskie-izdeliya/
/wp-content/uploads/2011/04/asbestokarton-1-1-300x171.jpeg,/katalog/asbestotexnicheskie-izdeliya/
/wp-content/uploads/2016/04/button_new_prod.png,/katalog/asbestotexnicheskie-izdeliya/gost-asbestotexnicheskie-izdeliya/
/wp-content/themes/Helios/images/top_head.png,/katalog/asbestotexnicheskie-izdeliya/gost-asbestotexnicheskie-izdeliya/
/wp-content/themes/Helios/images/bot_footer.png,/katalog/asbestotexnicheskie-izdeliya/gost-asbestotexnicheskie-izdeliya/
/wp-content/uploads/2016/04/button_new_prod.png,/katalog/asbestotexnicheskie-izdeliya/karton-asbestovyj/
/wp-content/themes/Helios/images/top_head.png,/katalog/asbestotexnicheskie-izdeliya/karton-asbestovyj/
/wp-content/themes/Helios/images/bot_footer.png,/katalog/asbestotexnicheskie-izdeliya/karton-asbestovyj/
/wp-content/uploads/2011/04/asbestokarton-1-1.jpeg,/katalog/asbestotexnicheskie-izdeliya/karton-asbestovyj/
/wp-content/uploads/2016/04/button_new_prod.png,/katalog/asbestotexnicheskie-izdeliya/listy-asbostalnye/
/wp-content/themes/Helios/images/top_head.png,/katalog/asbestotexnicheskie-izdeliya/listy-asbostalnye/
/wp-content/themes/Helios/images/bot_footer.png,/katalog/asbestotexnicheskie-izdeliya/listy-asbostalnye/
/wp-content/uploads/2011/04/Polotno-asbostalnoe-listyi-asbostalnyie-1-1.jpeg,/katalog/asbestotexnicheskie-izdeliya/listy-asbostalnye/
/wp-content/uploads/2016/04/button_new_prod.png,/katalog/asbestotexnicheskie-izdeliya/paronit/
/wp-content/themes/Helios/images/top_head.png,/katalog/asbestotexnicheskie-izdeliya/paronit/
/wp-content/themes/Helios/images/bot_footer.png,/katalog/asbestotexnicheskie-izdeliya/paronit/
/wp-content/uploads/2011/04/9610afe8922fee8aa020.jpg,/katalog/asbestotexnicheskie-izdeliya/paronit/
/wp-content/uploads/2016/04/button_new_prod.png,/katalog/asbestotexnicheskie-izdeliya/shnur-asbestovyj/
/wp-content/uploads/2011/04/shnur-asbestovyiy-variant-3-1-1.png,/katalog/asbestotexnicheskie-izdeliya/shnur-asbestovyj/
/wp-content/themes/Helios/images/top_head.png,/katalog/asbestotexnicheskie-izdeliya/shnur-asbestovyj/
/wp-content/themes/Helios/images/bot_footer.png,/katalog/asbestotexnicheskie-izdeliya/shnur-asbestovyj/
/wp-content/uploads/2016/04/button_new_prod.png,/katalog/asbestotexnicheskie-izdeliya/tkani-asbestovye/
/wp-content/themes/Helios/images/top_head.png,/katalog/asbestotexnicheskie-izdeliya/tkani-asbestovye/
/wp-content/themes/Helios/images/bot_footer.png,/katalog/asbestotexnicheskie-izdeliya/tkani-asbestovye/
/wp-content/uploads/2011/04/tkani-asbestovyie3-1.jpg,/katalog/asbestotexnicheskie-izdeliya/tkani-asbestovye/
/wp-content/uploads/2011/04/formov-15.jpg,/katalog/formovye-izdeliya/
/wp-content/uploads/2011/04/formov-7-300x106.jpg,/katalog/formovye-izdeliya/
/wp-content/uploads/2011/04/formov-3-300x96.jpg,/katalog/formovye-izdeliya/
/wp-content/uploads/2011/04/formov-6.jpg,/katalog/formovye-izdeliya/
/wp-content/uploads/2011/04/formov-1-300x53.jpg,/katalog/formovye-izdeliya/
/wp-content/uploads/2011/04/formov-10-300x146.jpg,/katalog/formovye-izdeliya/
/wp-content/uploads/2011/06/muftyi-vtulochno-paltsevyie-300x200.jpg,/katalog/formovye-izdeliya/
/wp-content/uploads/2011/06/kolca_vtulki1-300x147.jpg,/katalog/formovye-izdeliya/
/wp-content/uploads/2011/04/formov-8-300x146.jpg,/katalog/formovye-izdeliya/
/wp-content/uploads/2016/04/button_new_prod.png,/katalog/formovye-izdeliya/
/wp-content/uploads/2011/04/formov-11-300x107.jpg,/katalog/formovye-izdeliya/
/wp-content/uploads/2012/08/Наборы-колец-1-300x212.jpg,/katalog/formovye-izdeliya/
/wp-content/uploads/2011/04/formov-17-300x148.jpg,/katalog/formovye-izdeliya/
/wp-content/themes/Helios/images/top_head.png,/katalog/formovye-izdeliya/
/wp-content/themes/Helios/images/bot_footer.png,/katalog/formovye-izdeliya/
/wp-content/uploads/2011/04/formov-16-300x107.jpg,/katalog/formovye-izdeliya/
/wp-content/uploads/2016/04/button_new_prod.png,/katalog/formovye-izdeliya/gost-formovye-izdeliya-rti/
/wp-content/themes/Helios/images/top_head.png,/katalog/formovye-izdeliya/gost-formovye-izdeliya-rti/
/wp-content/themes/Helios/images/bot_footer.png,/katalog/formovye-izdeliya/gost-formovye-izdeliya-rti/
/wp-content/uploads/2011/04/formov-15.jpg,/katalog/formovye-izdeliya/gryazesemniki-rezinovye/
/wp-content/uploads/2016/04/button_new_prod.png,/katalog/formovye-izdeliya/gryazesemniki-rezinovye/
/wp-content/themes/Helios/images/top_head.png,/katalog/formovye-izdeliya/gryazesemniki-rezinovye/
/wp-content/themes/Helios/images/bot_footer.png,/katalog/formovye-izdeliya/gryazesemniki-rezinovye/
/wp-content/uploads/2011/04/formov-13.jpg,/katalog/formovye-izdeliya/gryazesemniki-rezinovye/
/wp-content/uploads/2011/04/formov-14.jpg,/katalog/formovye-izdeliya/gryazesemniki-rezinovye/
/wp-content/uploads/2011/04/formov-12.jpg,/katalog/formovye-izdeliya/gryazesemniki-rezinovye/
/wp-content/uploads/2016/04/button_new_prod.png,/katalog/formovye-izdeliya/kolca-muvp-mufty-uprugie-vtulochno-palcevye/
/wp-content/themes/Helios/images/top_head.png,/katalog/formovye-izdeliya/kolca-muvp-mufty-uprugie-vtulochno-palcevye/
/wp-content/themes/Helios/images/bot_footer.png,/katalog/formovye-izdeliya/kolca-muvp-mufty-uprugie-vtulochno-palcevye/
/wp-content/uploads/2011/06/muftyi-vtulochno-paltsevyie.jpg,/katalog/formovye-izdeliya/kolca-muvp-mufty-uprugie-vtulochno-palcevye/
/wp-content/uploads/2016/04/button_new_prod.png,/katalog/formovye-izdeliya/kolca-rezinovye-uplotnitelnye/
/wp-content/themes/Helios/images/top_head.png,/katalog/formovye-izdeliya/kolca-rezinovye-uplotnitelnye/
/wp-content/themes/Helios/images/bot_footer.png,/katalog/formovye-izdeliya/kolca-rezinovye-uplotnitelnye/
/wp-content/uploads/2011/04/formov-16.jpg,/katalog/formovye-izdeliya/kolca-rezinovye-uplotnitelnye/
/wp-content/uploads/2011/04/formov-6.jpg,/katalog/formovye-izdeliya/manzhety-i-vorotniki-rezinovye-uplotnitelnye/
/wp-content/uploads/2016/04/button_new_prod.png,/katalog/formovye-izdeliya/manzhety-i-vorotniki-rezinovye-uplotnitelnye/
/wp-content/themes/Helios/images/top_head.png,/katalog/formovye-izdeliya/manzhety-i-vorotniki-rezinovye-uplotnitelnye/
/wp-content/themes/Helios/images/bot_footer.png,/katalog/formovye-izdeliya/manzhety-i-vorotniki-rezinovye-uplotnitelnye/
/wp-content/uploads/2011/04/formov-5.jpg,/katalog/formovye-izdeliya/manzhety-i-vorotniki-rezinovye-uplotnitelnye/
/wp-content/uploads/2016/04/button_new_prod.png,/katalog/formovye-izdeliya/manzhety-rezinovye-armirovannye-dlya-valov/
/wp-content/themes/Helios/images/top_head.png,/katalog/formovye-izdeliya/manzhety-rezinovye-armirovannye-dlya-valov/
/wp-content/themes/Helios/images/bot_footer.png,/katalog/formovye-izdeliya/manzhety-rezinovye-armirovannye-dlya-valov/
/wp-content/uploads/2011/04/formov-1.jpg,/katalog/formovye-izdeliya/manzhety-rezinovye-armirovannye-dlya-valov/
/wp-content/uploads/2016/04/button_new_prod.png,/katalog/formovye-izdeliya/manzhety-rezinovye-beskarkasnye/
/wp-content/themes/Helios/images/top_head.png,/katalog/formovye-izdeliya/manzhety-rezinovye-beskarkasnye/
/wp-content/themes/Helios/images/bot_footer.png,/katalog/formovye-izdeliya/manzhety-rezinovye-beskarkasnye/
/wp-content/uploads/2011/04/formov-9.jpg,/katalog/formovye-izdeliya/manzhety-rezinovye-beskarkasnye/
/wp-content/uploads/2011/04/formov-10.jpg,/katalog/formovye-izdeliya/manzhety-rezinovye-beskarkasnye/
/wp-content/uploads/2016/04/button_new_prod.png,/katalog/formovye-izdeliya/manzhety-rezinovye-uplotnitelnye-dlya-pnevmaticheskix-ustrojstv/
/wp-content/themes/Helios/images/top_head.png,/katalog/formovye-izdeliya/manzhety-rezinovye-uplotnitelnye-dlya-pnevmaticheskix-ustrojstv/
/wp-content/themes/Helios/images/bot_footer.png,/katalog/formovye-izdeliya/manzhety-rezinovye-uplotnitelnye-dlya-pnevmaticheskix-ustrojstv/
/wp-content/uploads/2011/04/formov-3.jpg,/katalog/formovye-izdeliya/manzhety-rezinovye-uplotnitelnye-dlya-pnevmaticheskix-ustrojstv/
/wp-content/uploads/2011/04/formov-4.jpg,/katalog/formovye-izdeliya/manzhety-rezinovye-uplotnitelnye-dlya-pnevmaticheskix-ustrojstv/
/wp-content/uploads/2016/04/button_new_prod.png,/katalog/formovye-izdeliya/manzhety-rezinovye-vorotnikovye/
/wp-content/themes/Helios/images/top_head.png,/katalog/formovye-izdeliya/manzhety-rezinovye-vorotnikovye/
/wp-content/themes/Helios/images/bot_footer.png,/katalog/formovye-izdeliya/manzhety-rezinovye-vorotnikovye/
/wp-content/uploads/2011/04/formov-8.jpg,/katalog/formovye-izdeliya/manzhety-rezinovye-vorotnikovye/
/wp-content/uploads/2016/04/button_new_prod.png,/katalog/formovye-izdeliya/manzhety-uplotnitelnye-rezinovye/
/wp-content/themes/Helios/images/top_head.png,/katalog/formovye-izdeliya/manzhety-uplotnitelnye-rezinovye/
/wp-content/themes/Helios/images/bot_footer.png,/katalog/formovye-izdeliya/manzhety-uplotnitelnye-rezinovye/
/wp-content/uploads/2011/04/formov-7.jpg,/katalog/formovye-izdeliya/manzhety-uplotnitelnye-rezinovye/
/wp-content/uploads/2016/04/button_new_prod.png,/katalog/formovye-izdeliya/nabor-rezinovyh-kolec/
/wp-content/themes/Helios/images/top_head.png,/katalog/formovye-izdeliya/nabor-rezinovyh-kolec/
/wp-content/themes/Helios/images/bot_footer.png,/katalog/formovye-izdeliya/nabor-rezinovyh-kolec/
/wp-content/uploads/2012/08/Наборы-колец-2.jpg,/katalog/formovye-izdeliya/nabor-rezinovyh-kolec/
/wp-content/uploads/2016/04/button_new_prod.png,/katalog/formovye-izdeliya/uplotneniya-i-manzhety-k-gidronasosam/
/wp-content/themes/Helios/images/top_head.png,/katalog/formovye-izdeliya/uplotneniya-i-manzhety-k-gidronasosam/
/wp-content/themes/Helios/images/bot_footer.png,/katalog/formovye-izdeliya/uplotneniya-i-manzhety-k-gidronasosam/
/wp-content/uploads/2011/04/formov-17.jpg,/katalog/formovye-izdeliya/uplotneniya-i-manzhety-k-gidronasosam/
/wp-content/uploads/2011/04/formov-18.jpg,/katalog/formovye-izdeliya/uplotneniya-i-manzhety-k-gidronasosam/
/wp-content/uploads/2011/04/formov-19.jpg,/katalog/formovye-izdeliya/uplotneniya-i-manzhety-k-gidronasosam/
/wp-content/uploads/2016/04/button_new_prod.png,/katalog/formovye-izdeliya/uplotnitel-rezinovyi/
/wp-content/themes/Helios/images/top_head.png,/katalog/formovye-izdeliya/uplotnitel-rezinovyi/
/wp-content/themes/Helios/images/bot_footer.png,/katalog/formovye-izdeliya/uplotnitel-rezinovyi/
/wp-content/uploads/2011/04/formov-11.jpg,/katalog/formovye-izdeliya/uplotnitel-rezinovyi/
/wp-content/uploads/2016/04/button_new_prod.png,/katalog/formovye-izdeliya/vtulki-muvp/
/wp-content/themes/Helios/images/top_head.png,/katalog/formovye-izdeliya/vtulki-muvp/
/wp-content/themes/Helios/images/bot_footer.png,/katalog/formovye-izdeliya/vtulki-muvp/
/wp-content/uploads/2011/06/kolca_vtulki1.jpg,/katalog/formovye-izdeliya/vtulki-muvp/
/wp-content/uploads/2011/04/kovryi-die`lektricheskie-rezinovyie-variant-2-1-1-300x274.jpg,/katalog/kovry-rezinovye/
/wp-content/uploads/2016/04/button_new_prod.png,/katalog/kovry-rezinovye/
/wp-content/themes/Helios/images/top_head.png,/katalog/kovry-rezinovye/
/wp-content/themes/Helios/images/bot_footer.png,/katalog/kovry-rezinovye/
/wp-content/uploads/2016/04/button_new_prod.png,/katalog/kovry-rezinovye/gost-kovry-rezinovye-dielektricheskie/
/wp-content/themes/Helios/images/top_head.png,/katalog/kovry-rezinovye/gost-kovry-rezinovye-dielektricheskie/
/wp-content/themes/Helios/images/bot_footer.png,/katalog/kovry-rezinovye/gost-kovry-rezinovye-dielektricheskie/
/wp-content/uploads/2016/04/button_new_prod.png,/katalog/kovry-rezinovye/kovry-dielektricheskie-rezinovye/
/wp-content/themes/Helios/images/top_head.png,/katalog/kovry-rezinovye/kovry-dielektricheskie-rezinovye/
/wp-content/themes/Helios/images/bot_footer.png,/katalog/kovry-rezinovye/kovry-dielektricheskie-rezinovye/
/wp-content/uploads/2011/04/kovryi-die`lektricheskie-rezinovyie-variant-2-1-1.jpg,/katalog/kovry-rezinovye/kovry-dielektricheskie-rezinovye/
/wp-content/uploads/2016/04/button_new_prod.png,/katalog/lenta-konvejernaya/
/wp-content/uploads/2011/11/shop_group_image618.jpg,/katalog/lenta-konvejernaya/
/wp-content/uploads/2011/11/shop_group_image618.jpg,/katalog/lenta-konvejernaya/
/wp-content/uploads/2011/11/shop_group_image618.jpg,/katalog/lenta-konvejernaya/
/wp-content/uploads/2011/11/shop_group_image618.jpg,/katalog/lenta-konvejernaya/
/wp-content/uploads/2011/11/shop_group_image618.jpg,/katalog/lenta-konvejernaya/
/wp-content/uploads/2011/11/shop_group_image618.jpg,/katalog/lenta-konvejernaya/
/wp-content/uploads/2011/11/shop_group_image618.jpg,/katalog/lenta-konvejernaya/
/wp-content/uploads/2011/11/shop_group_image618.jpg,/katalog/lenta-konvejernaya/
/wp-content/themes/Helios/images/top_head.png,/katalog/lenta-konvejernaya/
/wp-content/uploads/2011/04/lenta-1.jpg,/katalog/lenta-konvejernaya/
/wp-content/themes/Helios/images/bot_footer.png,/katalog/lenta-konvejernaya/
/wp-content/uploads/2011/11/small_shop_group_image596.jpg,/katalog/lenta-konvejernaya/
/wp-content/uploads/2011/11/small_shop_group_image596.jpg,/katalog/lenta-konvejernaya/
/wp-content/uploads/2011/11/small_shop_group_image596.jpg,/katalog/lenta-konvejernaya/
/wp-content/uploads/2016/04/button_new_prod.png,/katalog/lenta-konvejernaya/kislotoshhelochestojkie-lenty/
/wp-content/uploads/2011/11/shop_group_image618.jpg,/katalog/lenta-konvejernaya/kislotoshhelochestojkie-lenty/
/wp-content/themes/Helios/images/top_head.png,/katalog/lenta-konvejernaya/kislotoshhelochestojkie-lenty/
/wp-content/themes/Helios/images/bot_footer.png,/katalog/lenta-konvejernaya/kislotoshhelochestojkie-lenty/
/wp-content/uploads/2016/04/button_new_prod.png,/katalog/lenta-konvejernaya/konvejernye-lenty-latunirovannogo-ocinkovannogo-trosa/
/wp-content/themes/Helios/images/top_head.png,/katalog/lenta-konvejernaya/konvejernye-lenty-latunirovannogo-ocinkovannogo-trosa/
/wp-content/themes/Helios/images/bot_footer.png,/katalog/lenta-konvejernaya/konvejernye-lenty-latunirovannogo-ocinkovannogo-trosa/
/wp-content/uploads/2011/11/small_shop_group_image596.jpg,/katalog/lenta-konvejernaya/konvejernye-lenty-latunirovannogo-ocinkovannogo-trosa/
/wp-content/uploads/2016/04/button_new_prod.png,/katalog/lenta-konvejernaya/lenta-konvejernaya/
/wp-content/themes/Helios/images/top_head.png,/katalog/lenta-konvejernaya/lenta-konvejernaya/
/wp-content/uploads/2011/04/lenta-1.jpg,/katalog/lenta-konvejernaya/lenta-konvejernaya/
/wp-content/themes/Helios/images/bot_footer.png,/katalog/lenta-konvejernaya/lenta-konvejernaya/
/wp-content/uploads/2016/04/button_new_prod.png,/katalog/lenta-konvejernaya/lenty-konvejernye-rezinotkanevye-elektroprovodyashhie/
/wp-content/themes/Helios/images/top_head.png,/katalog/lenta-konvejernaya/lenty-konvejernye-rezinotkanevye-elektroprovodyashhie/
/wp-content/themes/Helios/images/bot_footer.png,/katalog/lenta-konvejernaya/lenty-konvejernye-rezinotkanevye-elektroprovodyashhie/
/wp-content/uploads/2016/04/button_new_prod.png,/katalog/lenta-konvejernaya/lenty-konvejernye-rezinotkanevye-maslostojkie/
/wp-content/uploads/2011/11/shop_group_image618.jpg,/katalog/lenta-konvejernaya/lenty-konvejernye-rezinotkanevye-maslostojkie/
/wp-content/themes/Helios/images/top_head.png,/katalog/lenta-konvejernaya/lenty-konvejernye-rezinotkanevye-maslostojkie/
/wp-content/themes/Helios/images/bot_footer.png,/katalog/lenta-konvejernaya/lenty-konvejernye-rezinotkanevye-maslostojkie/
/wp-content/uploads/2016/04/button_new_prod.png,/katalog/lenta-konvejernaya/lenty-konvejernye-rezinotkanevye-morozostojkie/
/wp-content/themes/Helios/images/top_head.png,/katalog/lenta-konvejernaya/lenty-konvejernye-rezinotkanevye-morozostojkie/
/wp-content/themes/Helios/images/bot_footer.png,/katalog/lenta-konvejernaya/lenty-konvejernye-rezinotkanevye-morozostojkie/
/wp-content/uploads/2016/04/button_new_prod.png,/katalog/lenta-konvejernaya/lenty-konvejernye-rezinotkanevye-obshhego-naznacheniya/
/wp-content/uploads/2011/11/shop_group_image618.jpg,/katalog/lenta-konvejernaya/lenty-konvejernye-rezinotkanevye-obshhego-naznacheniya/
/wp-content/uploads/2011/11/shop_group_image618.jpg,/katalog/lenta-konvejernaya/lenty-konvejernye-rezinotkanevye-obshhego-naznacheniya/
/wp-content/themes/Helios/images/top_head.png,/katalog/lenta-konvejernaya/lenty-konvejernye-rezinotkanevye-obshhego-naznacheniya/
/wp-content/themes/Helios/images/bot_footer.png,/katalog/lenta-konvejernaya/lenty-konvejernye-rezinotkanevye-obshhego-naznacheniya/
/wp-content/uploads/2016/04/button_new_prod.png,/katalog/lenta-konvejernaya/lenty-konvejernye-rezinotkanevye-pishhevye/
/wp-content/uploads/2011/11/shop_group_image618.jpg,/katalog/lenta-konvejernaya/lenty-konvejernye-rezinotkanevye-pishhevye/
/wp-content/themes/Helios/images/top_head.png,/katalog/lenta-konvejernaya/lenty-konvejernye-rezinotkanevye-pishhevye/
/wp-content/themes/Helios/images/bot_footer.png,/katalog/lenta-konvejernaya/lenty-konvejernye-rezinotkanevye-pishhevye/
/wp-content/uploads/2016/04/button_new_prod.png,/katalog/lenta-konvejernaya/lenty-konvejernye-rezinotkanevye-shaxtnye/
/wp-content/uploads/2011/11/shop_group_image618.jpg,/katalog/lenta-konvejernaya/lenty-konvejernye-rezinotkanevye-shaxtnye/
/wp-content/themes/Helios/images/top_head.png,/katalog/lenta-konvejernaya/lenty-konvejernye-rezinotkanevye-shaxtnye/
/wp-content/themes/Helios/images/bot_footer.png,/katalog/lenta-konvejernaya/lenty-konvejernye-rezinotkanevye-shaxtnye/
/wp-content/uploads/2016/04/button_new_prod.png,/katalog/lenta-konvejernaya/lenty-konvejernye-rezinotkanevye-teplostojkie/
/wp-content/themes/Helios/images/top_head.png,/katalog/lenta-konvejernaya/lenty-konvejernye-rezinotkanevye-teplostojkie/
/wp-content/themes/Helios/images/bot_footer.png,/katalog/lenta-konvejernaya/lenty-konvejernye-rezinotkanevye-teplostojkie/
/wp-content/uploads/2016/04/button_new_prod.png,/katalog/lenta-konvejernaya/lenty-konvejernye-rezinotrosovye/
/wp-content/themes/Helios/images/top_head.png,/katalog/lenta-konvejernaya/lenty-konvejernye-rezinotrosovye/
/wp-content/themes/Helios/images/bot_footer.png,/katalog/lenta-konvejernaya/lenty-konvejernye-rezinotrosovye/
/wp-content/uploads/2016/04/button_new_prod.png,/katalog/lenta-konvejernaya/lenty-konvejernye-rezinotrosovye-dlya-kanatov/
/wp-content/themes/Helios/images/top_head.png,/katalog/lenta-konvejernaya/lenty-konvejernye-rezinotrosovye-dlya-kanatov/
/wp-content/themes/Helios/images/bot_footer.png,/katalog/lenta-konvejernaya/lenty-konvejernye-rezinotrosovye-dlya-kanatov/
/wp-content/uploads/2012/08/image001.jpg,/katalog/new/
/wp-content/uploads/2012/08/image004.jpg,/katalog/new/
/wp-content/uploads/2016/04/button_new_prod.png,/katalog/new/
/wp-content/uploads/2012/08/Наборы-колец-1-300x212.jpg,/katalog/new/
/wp-content/themes/Helios/images/top_head.png,/katalog/new/
/wp-content/themes/Helios/images/bot_footer.png,/katalog/new/
/wp-content/uploads/2012/08/image002.jpg,/katalog/new/
/wp-content/uploads/2016/04/button_new_prod.png,/katalog/plastiny-rezinovye/
/wp-content/uploads/2011/04/tehplastina_mbs_rulonnaya_formovaya_foto_largest.jpg,/katalog/plastiny-rezinovye/
/wp-content/uploads/2011/04/poristaya-plastina-300x225.jpg,/katalog/plastiny-rezinovye/
/wp-content/themes/Helios/images/top_head.png,/katalog/plastiny-rezinovye/
/wp-content/themes/Helios/images/bot_footer.png,/katalog/plastiny-rezinovye/
/wp-content/uploads/2011/04/Plastina-rezinovaya-dlya-transformatorov-GOST-12855_77-variant-1-1-1-300x202.jpg,/katalog/plastiny-rezinovye/
/wp-content/uploads/2011/04/pishhevaya-plastina.jpeg,/katalog/plastiny-rezinovye/
/wp-content/uploads/2011/04/plastinyi-rezinovyie-i-rezinotkanivyie.jpeg,/katalog/plastiny-rezinovye/
/wp-content/uploads/2011/04/plastina-vakkumnaya.jpg,/katalog/plastiny-rezinovye/
/wp-content/uploads/2016/04/button_new_prod.png,/katalog/plastiny-rezinovye/gost-plastiny-rezinovye/
/wp-content/themes/Helios/images/top_head.png,/katalog/plastiny-rezinovye/gost-plastiny-rezinovye/
/wp-content/themes/Helios/images/bot_footer.png,/katalog/plastiny-rezinovye/gost-plastiny-rezinovye/
/wp-content/uploads/2016/04/button_new_prod.png,/katalog/plastiny-rezinovye/plastina-rezinovaya/
/wp-content/themes/Helios/images/top_head.png,/katalog/plastiny-rezinovye/plastina-rezinovaya/
/wp-content/themes/Helios/images/bot_footer.png,/katalog/plastiny-rezinovye/plastina-rezinovaya/
/wp-content/uploads/2011/04/plastina-vakkumnaya.jpg,/katalog/plastiny-rezinovye/plastina-rezinovaya/
/wp-content/uploads/2016/04/button_new_prod.png,/katalog/plastiny-rezinovye/plastina-rezinovaya-dlya-transformatorov/
/wp-content/themes/Helios/images/top_head.png,/katalog/plastiny-rezinovye/plastina-rezinovaya-dlya-transformatorov/
/wp-content/themes/Helios/images/bot_footer.png,/katalog/plastiny-rezinovye/plastina-rezinovaya-dlya-transformatorov/
/wp-content/uploads/2011/04/Plastina-rezinovaya-dlya-transformatorov-GOST-12855_77-variant-1-1-1.jpg,/katalog/plastiny-rezinovye/plastina-rezinovaya-dlya-transformatorov/
/wp-content/uploads/2016/04/button_new_prod.png,/katalog/plastiny-rezinovye/plastina-rezinovaya-elektroprovodyashhaya/
/wp-content/themes/Helios/images/top_head.png,/katalog/plastiny-rezinovye/plastina-rezinovaya-elektroprovodyashhaya/
/wp-content/themes/Helios/images/bot_footer.png,/katalog/plastiny-rezinovye/plastina-rezinovaya-elektroprovodyashhaya/
/wp-content/uploads/2011/04/plastinyi-rezinovyie-i-rezinotkanivyie.jpeg,/katalog/plastiny-rezinovye/plastina-rezinovaya-elektroprovodyashhaya/
/wp-content/uploads/2016/04/button_new_prod.png,/katalog/plastiny-rezinovye/plastina-texnicheskaya/
/wp-content/themes/Helios/images/top_head.png,/katalog/plastiny-rezinovye/plastina-texnicheskaya/
/wp-content/themes/Helios/images/bot_footer.png,/katalog/plastiny-rezinovye/plastina-texnicheskaya/
/wp-content/uploads/2011/04/poristaya-plastina.jpg,/katalog/plastiny-rezinovye/plastina-texnicheskaya/
/wp-content/uploads/2016/04/button_new_prod.png,/katalog/plastiny-rezinovye/plastiny-rezinovye-dlya-izdelij-s-pishhevymi-produktami/
/wp-content/themes/Helios/images/top_head.png,/katalog/plastiny-rezinovye/plastiny-rezinovye-dlya-izdelij-s-pishhevymi-produktami/
/wp-content/themes/Helios/images/bot_footer.png,/katalog/plastiny-rezinovye/plastiny-rezinovye-dlya-izdelij-s-pishhevymi-produktami/
/wp-content/uploads/2011/04/pishhevaya-plastina.jpeg,/katalog/plastiny-rezinovye/plastiny-rezinovye-dlya-izdelij-s-pishhevymi-produktami/
/wp-content/uploads/2016/04/button_new_prod.png,/katalog/plastiny-rezinovye/plastiny-rezinovye-i-rezinotkanevye/
/wp-content/uploads/2011/04/tehplastina_mbs_rulonnaya_formovaya_foto_largest.jpg,/katalog/plastiny-rezinovye/plastiny-rezinovye-i-rezinotkanevye/
/wp-content/themes/Helios/images/top_head.png,/katalog/plastiny-rezinovye/plastiny-rezinovye-i-rezinotkanevye/
/wp-content/themes/Helios/images/bot_footer.png,/katalog/plastiny-rezinovye/plastiny-rezinovye-i-rezinotkanevye/
/wp-content/uploads/2011/04/remni-1-300x90.jpg,/katalog/remni/
/wp-content/uploads/2016/04/button_new_prod.png,/katalog/remni/
/wp-content/uploads/2011/04/remni-52-300x89.jpg,/katalog/remni/
/wp-content/themes/Helios/images/top_head.png,/katalog/remni/
/wp-content/themes/Helios/images/bot_footer.png,/katalog/remni/
/wp-content/uploads/2011/04/remni-112-300x101.jpg,/katalog/remni/
/wp-content/uploads/2011/04/remni-4-300x90.jpg,/katalog/remni/
/wp-content/uploads/2011/04/remni-94-300x89.jpg,/katalog/remni/
/wp-content/uploads/2011/04/remni-8-300x87.jpg,/katalog/remni/
/wp-content/uploads/2011/04/remni-10-300x88.jpg,/katalog/remni/
/wp-content/uploads/2011/04/remni-12-300x85.jpg,/katalog/remni/
/wp-content/uploads/2011/04/remni-31-300x59.jpg,/katalog/remni/
/wp-content/uploads/2011/04/remni-7-300x94.jpg,/katalog/remni/
/wp-content/uploads/2016/04/button_new_prod.png,/katalog/remni/gost-remni-rezinotexnicheskie-izdeliya/
/wp-content/themes/Helios/images/top_head.png,/katalog/remni/gost-remni-rezinotexnicheskie-izdeliya/
/wp-content/themes/Helios/images/bot_footer.png,/katalog/remni/gost-remni-rezinotexnicheskie-izdeliya/
/wp-content/uploads/2016/04/button_new_prod.png,/katalog/remni/remni-klinovye/
/wp-content/themes/Helios/images/top_head.png,/katalog/remni/remni-klinovye/
/wp-content/themes/Helios/images/bot_footer.png,/katalog/remni/remni-klinovye/
/wp-content/uploads/2011/04/remni-5-a.jpg,/katalog/remni/remni-klinovye/
/wp-content/uploads/2011/04/remni-62.jpg,/katalog/remni/remni-klinovye/
/wp-content/uploads/2011/04/remni-52.jpg,/katalog/remni/remni-klinovye/
/wp-content/uploads/2016/04/button_new_prod.png,/katalog/remni/remni-klinovye-s-formovannym-zubom/
/wp-content/themes/Helios/images/top_head.png,/katalog/remni/remni-klinovye-s-formovannym-zubom/
/wp-content/themes/Helios/images/bot_footer.png,/katalog/remni/remni-klinovye-s-formovannym-zubom/
/wp-content/uploads/2011/04/remni-4.jpg,/katalog/remni/remni-klinovye-s-formovannym-zubom/
/wp-content/uploads/2016/04/button_new_prod.png,/katalog/remni/remni-ploskie/
/wp-content/themes/Helios/images/top_head.png,/katalog/remni/remni-ploskie/
/wp-content/themes/Helios/images/bot_footer.png,/katalog/remni/remni-ploskie/
/wp-content/uploads/2011/04/remni-12.jpg,/katalog/remni/remni-ploskie/
/wp-content/uploads/2016/04/button_new_prod.png,/katalog/remni/remni-ploskie-privodnye-rezinotkanevye/
/wp-content/themes/Helios/images/top_head.png,/katalog/remni/remni-ploskie-privodnye-rezinotkanevye/
/wp-content/themes/Helios/images/bot_footer.png,/katalog/remni/remni-ploskie-privodnye-rezinotkanevye/
/wp-content/uploads/2011/04/remni-7.jpg,/katalog/remni/remni-ploskie-privodnye-rezinotkanevye/
/wp-content/uploads/2016/04/button_new_prod.png,/katalog/remni/remni-poliklinovye/
/wp-content/themes/Helios/images/top_head.png,/katalog/remni/remni-poliklinovye/
/wp-content/themes/Helios/images/bot_footer.png,/katalog/remni/remni-poliklinovye/
/wp-content/uploads/2011/04/remni-8.jpg,/katalog/remni/remni-poliklinovye/
/wp-content/uploads/2016/04/button_new_prod.png,/katalog/remni/remni-privodnye-klinovye/
/wp-content/themes/Helios/images/top_head.png,/katalog/remni/remni-privodnye-klinovye/
/wp-content/themes/Helios/images/bot_footer.png,/katalog/remni/remni-privodnye-klinovye/
/wp-content/uploads/2011/04/remni-1.jpg,/katalog/remni/remni-privodnye-klinovye/
/wp-content/uploads/2011/04/remni-2.jpg,/katalog/remni/remni-privodnye-klinovye/
/wp-content/uploads/2016/04/button_new_prod.png,/katalog/remni/remni-uzkogo-secheniya/
/wp-content/themes/Helios/images/top_head.png,/katalog/remni/remni-uzkogo-secheniya/
/wp-content/themes/Helios/images/bot_footer.png,/katalog/remni/remni-uzkogo-secheniya/
/wp-content/uploads/2011/04/remni-10.jpg,/katalog/remni/remni-uzkogo-secheniya/
/wp-content/uploads/2016/04/button_new_prod.png,/katalog/remni/remni-variatornye/
/wp-content/themes/Helios/images/top_head.png,/katalog/remni/remni-variatornye/
/wp-content/themes/Helios/images/bot_footer.png,/katalog/remni/remni-variatornye/
/wp-content/uploads/2011/04/remni-94.jpg,/katalog/remni/remni-variatornye/
/wp-content/uploads/2011/04/remni-9-a.jpg,/katalog/remni/remni-variatornye/
/wp-content/uploads/2016/04/button_new_prod.png,/katalog/remni/remni-ventilyatornye-klinovye/
/wp-content/themes/Helios/images/top_head.png,/katalog/remni/remni-ventilyatornye-klinovye/
/wp-content/themes/Helios/images/bot_footer.png,/katalog/remni/remni-ventilyatornye-klinovye/
/wp-content/uploads/2011/04/remni-31.jpg,/katalog/remni/remni-ventilyatornye-klinovye/
/wp-content/uploads/2016/04/button_new_prod.png,/katalog/remni/remni-zubchatye-litevye/
/wp-content/themes/Helios/images/top_head.png,/katalog/remni/remni-zubchatye-litevye/
/wp-content/themes/Helios/images/bot_footer.png,/katalog/remni/remni-zubchatye-litevye/
/wp-content/uploads/2011/04/remni-112.jpg,/katalog/remni/remni-zubchatye-litevye/
/wp-content/uploads/2011/04/rukova-111-300x191.jpg,/katalog/rukava/
/wp-content/uploads/2011/04/rukova-41-300x300.jpg,/katalog/rukava/
/wp-content/uploads/2011/04/rukova-3-300x161.jpg,/katalog/rukava/
/wp-content/uploads/2011/04/2-rukava-vyisokogo-davleniya-300x233.jpg,/katalog/rukava/
/wp-content/uploads/2011/04/rukova-6-300x150.jpg,/katalog/rukava/
/wp-content/uploads/2012/08/image001.jpg,/katalog/rukava/
/wp-content/uploads/2011/04/rukova-16-300x159.jpg,/katalog/rukava/
/wp-content/uploads/2012/08/image004.jpg,/katalog/rukava/
/wp-content/uploads/2016/04/button_new_prod.png,/katalog/rukava/
/wp-content/uploads/2011/04/rukova-1-300x128.jpg,/katalog/rukava/
/wp-content/uploads/2011/04/rukova-2-300x158.jpg,/katalog/rukava/
/wp-content/uploads/2011/04/rukova-4-300x158.jpg,/katalog/rukava/
/wp-content/themes/Helios/images/top_head.png,/katalog/rukava/
/wp-content/themes/Helios/images/bot_footer.png,/katalog/rukava/
/wp-content/uploads/2012/08/image002.jpg,/katalog/rukava/
/wp-content/uploads/2011/04/rukova-10-300x158.jpg,/katalog/rukava/
/wp-content/uploads/2011/04/rukova-8-300x150.jpg,/katalog/rukava/
/wp-content/uploads/2011/04/rukova-7-300x150.jpg,/katalog/rukava/
/wp-content/uploads/2011/04/rukova-9-300x158.jpg,/katalog/rukava/
/wp-content/uploads/2011/04/rukova-15-300x182.jpg,/katalog/rukava/
/wp-content/uploads/2012/08/image004.jpg,/katalog/rukava/gibkii-universalnyi-rukav-iz-poliuretana/
/wp-content/uploads/2016/04/button_new_prod.png,/katalog/rukava/gibkii-universalnyi-rukav-iz-poliuretana/
/wp-content/themes/Helios/images/top_head.png,/katalog/rukava/gibkii-universalnyi-rukav-iz-poliuretana/
/wp-content/themes/Helios/images/bot_footer.png,/katalog/rukava/gibkii-universalnyi-rukav-iz-poliuretana/
/wp-content/uploads/2012/08/image001.jpg,/katalog/rukava/gibkij-universalnyj-rukav-iz-poliolefina/
/wp-content/uploads/2016/04/button_new_prod.png,/katalog/rukava/gibkij-universalnyj-rukav-iz-poliolefina/
/wp-content/themes/Helios/images/top_head.png,/katalog/rukava/gibkij-universalnyj-rukav-iz-poliolefina/
/wp-content/themes/Helios/images/bot_footer.png,/katalog/rukava/gibkij-universalnyj-rukav-iz-poliolefina/
/wp-content/uploads/2016/04/button_new_prod.png,/katalog/rukava/gibkij-universalnyj-rukav-iz-viniuretana/
/wp-content/themes/Helios/images/top_head.png,/katalog/rukava/gibkij-universalnyj-rukav-iz-viniuretana/
/wp-content/themes/Helios/images/bot_footer.png,/katalog/rukava/gibkij-universalnyj-rukav-iz-viniuretana/
/wp-content/uploads/2012/08/image002.jpg,/katalog/rukava/gibkij-universalnyj-rukav-iz-viniuretana/
/wp-content/uploads/2016/04/button_new_prod.png,/katalog/rukava/gost-rukava-rezinotexnicheskie-izdeliya/
/wp-content/themes/Helios/images/top_head.png,/katalog/rukava/gost-rukava-rezinotexnicheskie-izdeliya/
/wp-content/themes/Helios/images/bot_footer.png,/katalog/rukava/gost-rukava-rezinotexnicheskie-izdeliya/
/wp-content/uploads/2016/04/button_new_prod.png,/katalog/rukava/rukava-gidravlicheskie-vysokogo-davleniya/
/wp-content/themes/Helios/images/top_head.png,/katalog/rukava/rukava-gidravlicheskie-vysokogo-davleniya/
/wp-content/themes/Helios/images/bot_footer.png,/katalog/rukava/rukava-gidravlicheskie-vysokogo-davleniya/
/wp-content/uploads/2011/04/rukova-122.jpg,/katalog/rukava/rukava-gidravlicheskie-vysokogo-davleniya/
/wp-content/uploads/2011/04/rukova-13.jpg,/katalog/rukava/rukava-gidravlicheskie-vysokogo-davleniya/
/wp-content/uploads/2011/04/2-rukava-vyisokogo-davleniya.jpg,/katalog/rukava/rukava-gidravlicheskie-vysokogo-davleniya/
/wp-content/uploads/2011/04/rukova-14.jpg,/katalog/rukava/rukava-gidravlicheskie-vysokogo-davleniya/
/wp-content/uploads/2016/04/button_new_prod.png,/katalog/rukava/rukava-i-mufty-prokladochnoj-konstrukcii/
/wp-content/themes/Helios/images/top_head.png,/katalog/rukava/rukava-i-mufty-prokladochnoj-konstrukcii/
/wp-content/themes/Helios/images/bot_footer.png,/katalog/rukava/rukava-i-mufty-prokladochnoj-konstrukcii/
/wp-content/uploads/2011/04/rukova-111.jpg,/katalog/rukava/rukava-i-mufty-prokladochnoj-konstrukcii/
/wp-content/uploads/2016/04/button_new_prod.png,/katalog/rukava/rukava-maslobenzostojkie-naporno-vsasyvayushhie/
/wp-content/themes/Helios/images/top_head.png,/katalog/rukava/rukava-maslobenzostojkie-naporno-vsasyvayushhie/
/wp-content/themes/Helios/images/bot_footer.png,/katalog/rukava/rukava-maslobenzostojkie-naporno-vsasyvayushhie/
/wp-content/uploads/2011/04/rukova-7.jpg,/katalog/rukava/rukava-maslobenzostojkie-naporno-vsasyvayushhie/
/wp-content/uploads/2016/04/button_new_prod.png,/katalog/rukava/rukava-naporno-vsasyvayushhie-dlya-ximicheskix-veshhestv/
/wp-content/themes/Helios/images/top_head.png,/katalog/rukava/rukava-naporno-vsasyvayushhie-dlya-ximicheskix-veshhestv/
/wp-content/themes/Helios/images/bot_footer.png,/katalog/rukava/rukava-naporno-vsasyvayushhie-dlya-ximicheskix-veshhestv/
/wp-content/uploads/2011/04/rukova-8.jpg,/katalog/rukava/rukava-naporno-vsasyvayushhie-dlya-ximicheskix-veshhestv/
/wp-content/uploads/2016/04/button_new_prod.png,/katalog/rukava/rukava-napornye-antistaticheskie/
/wp-content/themes/Helios/images/top_head.png,/katalog/rukava/rukava-napornye-antistaticheskie/
/wp-content/themes/Helios/images/bot_footer.png,/katalog/rukava/rukava-napornye-antistaticheskie/
/wp-content/uploads/2011/04/rukova-10.jpg,/katalog/rukava/rukava-napornye-antistaticheskie/
/wp-content/uploads/2016/04/button_new_prod.png,/katalog/rukava/rukava-napornye-antistaticheskie-dlya-toplivorazdatochnyx-kolonok-tu-38105888-80/
/wp-content/themes/Helios/images/top_head.png,/katalog/rukava/rukava-napornye-antistaticheskie-dlya-toplivorazdatochnyx-kolonok-tu-38105888-80/
/wp-content/themes/Helios/images/bot_footer.png,/katalog/rukava/rukava-napornye-antistaticheskie-dlya-toplivorazdatochnyx-kolonok-tu-38105888-80/
/wp-content/uploads/2011/04/rukova-9.jpg,/katalog/rukava/rukava-napornye-antistaticheskie-dlya-toplivorazdatochnyx-kolonok-tu-38105888-80/
/wp-content/uploads/2016/04/button_new_prod.png,/katalog/rukava/rukava-napornye-s-nityanym-usileniem/
/wp-content/themes/Helios/images/top_head.png,/katalog/rukava/rukava-napornye-s-nityanym-usileniem/
/wp-content/themes/Helios/images/bot_footer.png,/katalog/rukava/rukava-napornye-s-nityanym-usileniem/
/wp-content/uploads/2011/04/rukova-15.jpg,/katalog/rukava/rukava-napornye-s-nityanym-usileniem/
/wp-content/uploads/2016/04/button_new_prod.png,/katalog/rukava/rukava-pvx-armirovannye/
/wp-content/themes/Helios/images/top_head.png,/katalog/rukava/rukava-pvx-armirovannye/
/wp-content/themes/Helios/images/bot_footer.png,/katalog/rukava/rukava-pvx-armirovannye/
/wp-content/uploads/2011/04/rukova-16.jpg,/katalog/rukava/rukava-pvx-armirovannye/
/wp-content/uploads/2016/04/button_new_prod.png,/katalog/rukava/rukava-rezinovye-dlya-gazovoj-svarki-i-rezki-metallov/
/wp-content/themes/Helios/images/top_head.png,/katalog/rukava/rukava-rezinovye-dlya-gazovoj-svarki-i-rezki-metallov/
/wp-content/themes/Helios/images/bot_footer.png,/katalog/rukava/rukava-rezinovye-dlya-gazovoj-svarki-i-rezki-metallov/
/wp-content/uploads/2011/04/rukova-3.jpg,/katalog/rukava/rukava-rezinovye-dlya-gazovoj-svarki-i-rezki-metallov/
/wp-content/uploads/2016/04/button_new_prod.png,/katalog/rukava/rukava-rezinovye-naporno-vsasyvayushhie/
/wp-content/themes/Helios/images/top_head.png,/katalog/rukava/rukava-rezinovye-naporno-vsasyvayushhie/
/wp-content/themes/Helios/images/bot_footer.png,/katalog/rukava/rukava-rezinovye-naporno-vsasyvayushhie/
/wp-content/uploads/2011/04/rukova-6.jpg,/katalog/rukava/rukava-rezinovye-naporno-vsasyvayushhie/
/wp-content/uploads/2016/04/button_new_prod.png,/katalog/rukava/rukava-rezinovye-napornye/
/wp-content/themes/Helios/images/top_head.png,/katalog/rukava/rukava-rezinovye-napornye/
/wp-content/themes/Helios/images/bot_footer.png,/katalog/rukava/rukava-rezinovye-napornye/
/wp-content/uploads/2011/04/rukova-1.jpg,/katalog/rukava/rukava-rezinovye-napornye/
/wp-content/uploads/2016/04/button_new_prod.png,/katalog/rukava/rukava-rezinovye-napornye-s-nityanym-karkasom/
/wp-content/themes/Helios/images/top_head.png,/katalog/rukava/rukava-rezinovye-napornye-s-nityanym-karkasom/
/wp-content/themes/Helios/images/bot_footer.png,/katalog/rukava/rukava-rezinovye-napornye-s-nityanym-karkasom/
/wp-content/uploads/2011/04/rukova-4.jpg,/katalog/rukava/rukava-rezinovye-napornye-s-nityanym-karkasom/
/wp-content/uploads/2016/04/button_new_prod.png,/katalog/rukava/rukava-rezinovye-napornye-s-nityanym-usiliem/
/wp-content/themes/Helios/images/top_head.png,/katalog/rukava/rukava-rezinovye-napornye-s-nityanym-usiliem/
/wp-content/themes/Helios/images/bot_footer.png,/katalog/rukava/rukava-rezinovye-napornye-s-nityanym-usiliem/
/wp-content/uploads/2011/04/rukova-2.jpg,/katalog/rukava/rukava-rezinovye-napornye-s-nityanym-usiliem/
/wp-content/uploads/2016/04/button_new_prod.png,/katalog/rukava/rukava-rezinovye-vysokogo-davleniya/
/wp-content/themes/Helios/images/top_head.png,/katalog/rukava/rukava-rezinovye-vysokogo-davleniya/
/wp-content/themes/Helios/images/bot_footer.png,/katalog/rukava/rukava-rezinovye-vysokogo-davleniya/
/wp-content/uploads/2011/04/rukova-41.jpg,/katalog/rukava/rukava-rezinovye-vysokogo-davleniya/
/wp-content/uploads/2011/04/silikonovyie-izdeliya.jpg,/katalog/soputstvuyushhij-tovar/
/wp-content/uploads/2016/04/button_new_prod.png,/katalog/soputstvuyushhij-tovar/
/wp-content/themes/Helios/images/top_head.png,/katalog/soputstvuyushhij-tovar/
/wp-content/themes/Helios/images/bot_footer.png,/katalog/soputstvuyushhij-tovar/
/wp-content/uploads/2011/04/kley-sa-variant-2-1-1.jpg,/katalog/soputstvuyushhij-tovar/
/wp-content/uploads/2016/04/button_new_prod.png,/katalog/soputstvuyushhij-tovar/klej-88/
/wp-content/themes/Helios/images/top_head.png,/katalog/soputstvuyushhij-tovar/klej-88/
/wp-content/themes/Helios/images/bot_footer.png,/katalog/soputstvuyushhij-tovar/klej-88/
/wp-content/uploads/2011/04/kley-sa-variant-2-1-1.jpg,/katalog/soputstvuyushhij-tovar/klej-88/
/wp-content/uploads/2011/04/silikonovyie-izdeliya.jpg,/katalog/soputstvuyushhij-tovar/silikonovye-izdeliya/
/wp-content/uploads/2016/04/button_new_prod.png,/katalog/soputstvuyushhij-tovar/silikonovye-izdeliya/
/wp-content/themes/Helios/images/top_head.png,/katalog/soputstvuyushhij-tovar/silikonovye-izdeliya/
/wp-content/themes/Helios/images/bot_footer.png,/katalog/soputstvuyushhij-tovar/silikonovye-izdeliya/
/wp-content/uploads/2016/04/button_new_prod.png,/katalog/trubki-i-shnury/
/wp-content/uploads/2011/04/trubki-tehnicheskie-rezinovyie-300x203.jpg,/katalog/trubki-i-shnury/
/wp-content/uploads/2011/04/trubki-kruglyie-i-pryamaugolnogo-secheniya-300x199.jpg,/katalog/trubki-i-shnury/
/wp-content/themes/Helios/images/top_head.png,/katalog/trubki-i-shnury/
/wp-content/themes/Helios/images/bot_footer.png,/katalog/trubki-i-shnury/
/wp-content/uploads/2011/04/trubki-1.jpg,/katalog/trubki-i-shnury/
/wp-content/uploads/2011/04/shnur-poristyiy-300x182.png,/katalog/trubki-i-shnury/
/wp-content/uploads/2016/04/button_new_prod.png,/katalog/trubki-i-shnury/gost-shnury-rezinovye/
/wp-content/themes/Helios/images/top_head.png,/katalog/trubki-i-shnury/gost-shnury-rezinovye/
/wp-content/themes/Helios/images/bot_footer.png,/katalog/trubki-i-shnury/gost-shnury-rezinovye/
/wp-content/uploads/2010/12/sssr.jpg,/katalog/trubki-i-shnury/gost-shnury-rezinovye/
/wp-content/uploads/2016/04/button_new_prod.png,/katalog/trubki-i-shnury/prokladki-rezinovye-poristye/
/wp-content/themes/Helios/images/top_head.png,/katalog/trubki-i-shnury/prokladki-rezinovye-poristye/
/wp-content/themes/Helios/images/bot_footer.png,/katalog/trubki-i-shnury/prokladki-rezinovye-poristye/
/wp-content/uploads/2011/04/shnur-poristyiy.png,/katalog/trubki-i-shnury/prokladki-rezinovye-poristye/
/wp-content/uploads/2016/04/button_new_prod.png,/katalog/trubki-i-shnury/shnury-rezinovye-kruglogo-i-pryamougolnogo-secheniya/
/wp-content/themes/Helios/images/top_head.png,/katalog/trubki-i-shnury/shnury-rezinovye-kruglogo-i-pryamougolnogo-secheniya/
/wp-content/themes/Helios/images/bot_footer.png,/katalog/trubki-i-shnury/shnury-rezinovye-kruglogo-i-pryamougolnogo-secheniya/
/wp-content/uploads/2011/04/trubki-kruglyie-i-pryamaugolnogo-secheniya.jpg,/katalog/trubki-i-shnury/shnury-rezinovye-kruglogo-i-pryamougolnogo-secheniya/
/wp-content/uploads/2016/04/button_new_prod.png,/katalog/trubki-i-shnury/trubki-rezinovye-texnicheskie/
/wp-content/themes/Helios/images/top_head.png,/katalog/trubki-i-shnury/trubki-rezinovye-texnicheskie/
/wp-content/themes/Helios/images/bot_footer.png,/katalog/trubki-i-shnury/trubki-rezinovye-texnicheskie/
/wp-content/uploads/2011/04/trubki-tehnicheskie-rezinovyie.jpg,/katalog/trubki-i-shnury/trubki-rezinovye-texnicheskie/
/wp-content/uploads/2016/04/button_new_prod.png,/katalog/trubki-i-shnury/trubki-rezinovye-vakuumnye/
/wp-content/themes/Helios/images/top_head.png,/katalog/trubki-i-shnury/trubki-rezinovye-vakuumnye/
/wp-content/themes/Helios/images/bot_footer.png,/katalog/trubki-i-shnury/trubki-rezinovye-vakuumnye/
/wp-content/uploads/2011/04/trubki-1.jpg,/katalog/trubki-i-shnury/trubki-rezinovye-vakuumnye/
/wp-content/uploads/2016/04/button_new_prod.png,/kontakty/
/wp-content/themes/Helios/images/top_head.png,/kontakty/
/wp-content/themes/Helios/images/bot_footer.png,/kontakty/
/wp-content/uploads/2016/04/button_new_prod.png,/o-kompanii/
/wp-content/themes/Helios/images/top_head.png,/o-kompanii/
/wp-content/themes/Helios/images/bot_footer.png,/o-kompanii/